{"cameraMode":{"drawMode":0,"name":"Shaded","section":"Shading Mode"},"sceneLighting":true,"audioPlay":false,"sceneViewState":{"showFog":true,"showMaterialUpdate":true,"showSkybox":true,"showFlares":true,"showImageEffects":true,"showParticleSystems":true},"in2DMode":false,"pivot":{"x":-3.1408565044403078,"y":-9.834940910339356,"z":9.878984451293946},"rotation":{"x":0.3730106055736542,"y":0.23010343313217164,"z":-0.09604039043188095,"w":0.8936970233917236},"size":24.202754974365236,"orthographic":false}