{"cameraMode":{"drawMode":0,"name":"Shaded","section":"Shading Mode"},"sceneLighting":false,"audioPlay":false,"sceneViewState":{"showFog":true,"showMaterialUpdate":true,"showSkybox":false,"showFlares":true,"showImageEffects":true,"showParticleSystems":true},"in2DMode":false,"pivot":{"x":-0.010952449403703213,"y":0.011321932077407837,"z":-0.004026426933705807},"rotation":{"x":0.408027321100235,"y":-0.008220884017646313,"z":0.003674033796414733,"w":0.9129266142845154},"size":0.06525248289108277,"orthographic":false}