{"cameraMode":{"drawMode":0,"name":"Shaded","section":"Shading Mode"},"sceneLighting":true,"audioPlay":false,"sceneViewState":{"showFog":true,"showMaterialUpdate":true,"showSkybox":true,"showFlares":true,"showImageEffects":true,"showParticleSystems":true},"in2DMode":false,"pivot":{"x":-0.10004031658172608,"y":-7.6088128089904789,"z":18.437747955322267},"rotation":{"x":0.22392532229423524,"y":-0.021926773712038995,"z":0.005039488431066275,"w":0.9743471741676331},"size":12.185998916625977,"orthographic":false}