{"cameraMode":{"drawMode":0,"name":"Shaded","section":"Shading Mode"},"sceneLighting":true,"audioPlay":false,"sceneViewState":{"showFog":true,"showMaterialUpdate":true,"showSkybox":true,"showFlares":true,"showImageEffects":true,"showParticleSystems":true},"in2DMode":false,"pivot":{"x":3.971729040145874,"y":-2.9403510093688967,"z":6.3169050216674809},"rotation":{"x":0.37559762597084048,"y":0.25350502133369448,"z":-0.10759817063808441,"w":0.8849206566810608},"size":7.362435817718506,"orthographic":false}