{"cameraMode":{"drawMode":0,"name":"Shaded","section":"Shading Mode"},"sceneLighting":false,"audioPlay":false,"sceneViewState":{"showFog":true,"showMaterialUpdate":true,"showSkybox":false,"showFlares":true,"showImageEffects":true,"showParticleSystems":true},"in2DMode":false,"pivot":{"x":0.001886189915239811,"y":0.011814447119832039,"z":0.004524616524577141},"rotation":{"x":0.408027321100235,"y":-0.008220884017646313,"z":0.003674033796414733,"w":0.9129266142845154},"size":0.06817540526390076,"orthographic":false}