{"cameraMode":{"drawMode":0,"name":"Shaded","section":"Shading Mode"},"sceneLighting":false,"audioPlay":false,"sceneViewState":{"showFog":true,"showMaterialUpdate":true,"showSkybox":false,"showFlares":true,"showImageEffects":true,"showParticleSystems":true},"in2DMode":false,"pivot":{"x":0.0,"y":0.8899999856948853,"z":14.350000381469727},"rotation":{"x":0.33605191111564639,"y":0.029661286622285844,"z":-0.010588506236672402,"w":0.9413185715675354},"size":1.0307763814926148,"orthographic":false}